Title,Description,Priority,Status,Estimate,Labels
"[P1-CRITICAL] Add thread-safe registries with proper locking","Problem: All registry implementations use global maps without synchronization causing race conditions. Solution: Add sync.RWMutex to all registries protect read/write operations add concurrent tests. Files: formatter_registry.go output_registry.go processor_registry.go provider_registry.go",1,Backlog,5,"critical,concurrency,phase-1"
"[P1-CRITICAL] Implement comprehensive error handling with context","Problem: Errors lack context no wrapping no custom types cannot distinguish failure types. Solution: Create custom error types wrap errors with context add structured info implement error classification. Create errors.go in all packages update all files.",1,Backlog,8,"critical,error-handling,phase-1"
"[P1-CRITICAL] Add comprehensive godoc comments to all exports","Problem: Many exports lack documentation no package docs no examples. Solution: Add package documentation document all exported types add code examples follow Go doc standards. Update all packages.",1,Backlog,8,"critical,documentation,phase-1"
"[P1-CRITICAL] Write comprehensive unit tests 80%+ coverage","Problem: ZERO tests exist no test infrastructure no mocks cannot verify correctness. Solution: Create test files for all packages implement table-driven tests create mocks add edge case tests set up coverage reporting.",1,Backlog,13,"critical,testing,phase-1"
"[P1-CRITICAL] Add input validation throughout codebase","Problem: No validation of config params no data validation can create invalid states registry accepts invalid keys. Solution: Validate all config structs validate registry keys validate pipeline data validate builder inputs return clear errors.",1,Backlog,5,"critical,validation,phase-1"
"[P2-HIGH] Add structured logging with slog","Problem: No logging anywhere cannot debug production no visibility into execution. Solution: Integrate slog add logging at key points support log levels allow configuration ensure no sensitive data logged. Add to engine providers processors formatters outputs.",2,Backlog,5,"high-priority,observability,logging,phase-2"
"[P2-HIGH] Implement context support for cancellation","Problem: No way to cancel operations no timeout support resource leaks possible cannot propagate cancellation. Solution: Add context.Context to all long-running operations support cancellation in all components add timeout configuration. Update all interfaces.",2,Backlog,8,"high-priority,context,phase-2"
"[P2-HIGH] Add config file loading YAML/JSON","Problem: Config only as Go structs no file-based config no env var support difficult to change without recompilation. Solution: Support YAML and JSON loading support env var overrides validate on load add defaults. Create config loader examples.",2,Backlog,5,"high-priority,configuration,phase-2"
"[P2-HIGH] Implement proper resource cleanup","Problem: No cleanup mechanism no graceful shutdown potential resource leaks no io.Closer implementation. Solution: Add Close methods implement graceful shutdown ensure cleanup add defer patterns support cleanup in errors. Add Shutdown to engine.",2,Backlog,5,"high-priority,resource-management,phase-2"
"[P2-HIGH] Add integration tests","Problem: Only unit tests no end-to-end testing cannot verify integration no real-world scenarios. Solution: Create integration test suite test complete pipelines test component combinations test error scenarios use testcontainers. Create test/integration directory.",2,Backlog,8,"high-priority,testing,integration,phase-2"
"[P3-PERF] Implement concurrent processing in chains","Problem: Processor chain executes sequentially cannot process in parallel performance bottleneck no multi-core utilization. Solution: Add parallel processing mode implement worker pool configurable concurrency maintain order when required handle concurrent errors. Create parallel.go worker_pool.go",3,Backlog,13,"performance,concurrency,phase-3"
"[P3-PERF] Add memory pooling for high-frequency allocations","Problem: Data copied multiple times frequent allocations cause GC pressure no object reuse memory inefficient. Solution: Use sync.Pool implement buffer pooling reuse data structures profile and optimize. Pool buffers maps intermediate structures.",3,Backlog,8,"performance,memory,optimization,phase-3"
"[P3-PERF] Support streaming for large datasets","Problem: All data in memory cannot handle large datasets no streaming support memory inefficient. Solution: Add streaming interfaces implement chunk-based processing support backpressure configurable chunk sizes. Create streaming.go adapters.",3,Backlog,13,"performance,streaming,memory,phase-3"
"[P3-PERF] Add benchmarks and optimize hot paths","Problem: No performance benchmarks no baseline unknown hot paths cannot detect regressions. Solution: Add benchmark tests profile CPU and memory identify hot paths optimize set up performance CI. Create all bench_test.go files.",3,Backlog,8,"performance,benchmarking,optimization,phase-3"
"[P3-PERF] Implement worker pools for bounded concurrency","Problem: No limit on concurrent ops can exhaust resources no backpressure difficult to tune. Solution: Implement configurable worker pools bounded concurrency support backpressure. Create worker_pool.go with configurable size queuing shutdown.",3,Backlog,8,"performance,concurrency,worker-pool,phase-3"
"[P4-ENT] Add metrics and tracing","Problem: No production visibility cannot measure execution no component metrics difficult to debug performance. Solution: Integrate OpenTelemetry add Prometheus metrics instrument all components provide dashboards. Track execution time record counts error rates memory usage goroutines.",4,Backlog,13,"enterprise,observability,metrics,tracing,phase-4"
"[P4-ENT] Implement retry mechanisms with exponential backoff","Problem: No retry logic immediate failure on transient errors no backoff strategy poor resilience. Solution: Implement retry wrapper for providers and outputs exponential backoff with jitter configurable policies. Create retry.go backoff.go policy.go",4,Backlog,8,"enterprise,resilience,retry,phase-4"
"[P4-ENT] Add circuit breakers for external services","Problem: No circuit breaker cascading failures possible does not fail fast poor resilience. Solution: Implement circuit breaker pattern add to providers and outputs configurable thresholds. Create circuit_breaker.go with three states metrics automatic recovery.",4,Backlog,8,"enterprise,resilience,circuit-breaker,phase-4"
"[P4-ENT] Support distributed tracing","Problem: Cannot trace across services no correlation IDs difficult to debug distributed systems no trace propagation. Solution: Integrate OpenTelemetry tracing propagate trace context add spans for operations support multiple backends. Instrument engine provider processor formatter output.",4,Backlog,13,"enterprise,observability,tracing,distributed,phase-4"
"[P4-ENT] Add health check endpoints","Problem: No health check cannot verify operational no readiness checks no liveness checks. Solution: Add health check interface implement liveness and readiness checks add HTTP endpoint for k8s. Check engine provider output resource usage.",4,Backlog,5,"enterprise,observability,health-checks,phase-4"
"[DOCS] Create comprehensive README with examples","Problem: Current README basic no detailed examples no architecture docs no contribution guide. Solution: Expand README add architecture diagrams create CONTRIBUTING.md add example configs. Include quick start complete examples API reference configuration guide.",4,Backlog,5,"documentation,examples"
"[INFRA] Set up CI/CD pipeline","Problem: No automated testing no automated builds no code quality checks no automated releases. Solution: Set up GitHub Actions add automated testing linting formatting automated releases. Create workflows for test lint release and golangci config.",4,Backlog,5,"infrastructure,ci-cd,automation"
"[REFACTOR] Improve type safety with generics","Problem: Using map string interface everywhere no type safety difficult to work with typed data lots of type assertions. Solution: Introduce generic constraints add typed data options maintain backward compatibility allow typed usage. Create typed.go with generic interfaces adapters migration guide.",4,Backlog,13,"refactoring,type-safety,generics"